ds,y,yhat,yhat_lower,yhat_upper,error,uncertainty,anomaly
2015-01-04,1039.0,595.9713730283137,-8.307327264148363,1171.0258837742792,443.0286269716863,1179.3332110384276,No
2015-01-05,3161.0,2775.2795704399955,2155.6905585265995,3355.028192859198,385.7204295600045,1199.3376343325986,No
2015-01-06,3534.0,3195.57912742444,2605.3390065949884,3755.2616934986095,338.4208725755602,1149.922686903621,No
2015-01-07,3618.0,3315.105260933914,2778.6947775979397,3955.049719369893,302.894739066086,1176.3549417719532,No
2015-01-08,2351.0,3496.8114270199435,2916.524513966352,4051.291114930312,-1145.8114270199435,1134.7666009639597,No
2015-01-09,3505.0,3454.1218683886896,2834.363890318157,4052.333365460002,50.87813161131044,1217.9694751418451,No
2015-01-10,1436.0,2019.8879813427816,1408.5447349750043,2639.462780233292,-583.8879813427816,1230.9180452582877,No
2015-01-11,1813.0,1938.1220692551024,1305.2984222365822,2508.455931347288,-125.12206925510236,1203.1575091107056,No
2015-01-12,3418.0,3712.1511335718014,3094.3778628118284,4313.214762416192,-294.15113357180144,1218.8368996043632,No
2015-01-13,3960.0,3911.806722258431,3312.2478146042645,4514.793397541568,48.19327774156909,1202.5455829373036,No
2015-01-14,3904.0,3848.9785275696354,3208.354068317793,4459.854549049583,55.02147243036461,1251.5004807317896,No
2015-01-15,3673.0,3848.7911538890025,3240.6336172268284,4440.442026628462,-175.79115388900254,1199.808409401634,No
2015-01-16,3546.0,3256.251756125568,2654.191430607457,3898.822101830899,289.74824387443186,1244.6306712234423,No
2015-01-17,1531.0,1840.5499668873397,1242.6808064365212,2434.146321193929,-309.5499668873397,1191.4655147574078,No
2015-01-18,1450.0,1742.9228257175198,1206.7310474210103,2335.1539031589623,-292.9228257175198,1128.422855737952,No
2015-01-19,3554.0,3342.6917757769247,2711.499512625263,3968.713251768575,211.30822422307529,1257.213739143312,No
2015-01-20,3700.0,3583.7022792162893,2986.1010877413405,4214.790265879564,116.2977207837107,1228.6891781382233,No
2015-01-21,3655.0,3385.3970012667223,2758.556024112448,3983.9949113140433,269.6029987332777,1225.4388872015952,No
2015-01-22,3828.0,3484.2681482897974,2905.1830674028606,4100.364027859009,343.7318517102026,1195.1809604561486,No
2015-01-23,3328.0,3307.465921884801,2756.9075987125307,3930.0030489771016,20.53407811519901,1173.095450264571,No
2015-01-24,1798.0,1885.2210081513192,1312.3315527991515,2522.07528795947,-87.22100815131921,1209.7437351603187,No
2015-01-25,1705.0,1919.3691062594348,1299.6927254377035,2478.3641286033685,-214.36910625943483,1178.671403165665,No
2015-01-26,3589.0,3536.59072956534,2940.9242738894063,4095.343192351003,52.4092704346599,1154.4189184615966,No
2015-01-27,3835.0,3607.107491720486,3002.8553063215672,4235.650422070205,227.892508279514,1232.7951157486382,No
2015-01-28,3576.0,3592.4849293616894,2980.7711156861765,4242.0205796991495,-16.48492936168941,1261.249464012973,No
2015-01-29,3783.0,3364.9332360477524,2764.0369489196205,3912.592207154365,418.0667639522476,1148.5552582347445,No
2015-01-30,3090.0,2885.5336783751814,2308.622943452091,3483.217772547693,204.46632162481865,1174.594829095602,No
2015-01-31,926.0,1374.6358170211329,773.4590445495289,1979.7195170082025,-448.6358170211329,1206.2604724586736,No
2015-02-01,1117.0,1504.3558809911483,870.9273550399952,2095.2202368044104,-387.3558809911483,1224.2928817644151,No
2015-02-02,3556.0,2893.149800607456,2303.5586521616437,3492.260491583962,662.8501993925438,1188.7018394223182,No
2015-02-03,2972.0,3154.296859768844,2524.538813453948,3724.394708524135,-182.29685976884412,1199.8558950701868,No
2015-02-04,3502.0,3189.607627216242,2538.4690561892976,3789.361116859318,312.3923727837582,1250.8920606700203,No
2015-02-05,2894.0,3207.554438478613,2613.9931875318966,3777.530594395719,-313.55443847861306,1163.5374068638225,No
2015-02-06,3214.0,2892.021913525496,2289.3289257818524,3476.367737264512,321.9780864745039,1187.0388114826596,No
2015-02-07,1165.0,1527.1001150022944,960.8272590649796,2130.4312804924666,-362.1001150022944,1169.6040214274872,No
2015-02-08,1824.0,1737.8712225031609,1162.0130513915483,2329.539334776674,86.12877749683912,1167.5262833851257,No
2015-02-09,3721.0,3453.09503276721,2849.6277602022706,4070.783628296848,267.9049672327901,1221.1558680945773,No
2015-02-10,3788.0,3494.138813036781,2869.174007670734,4080.455400734684,293.8611869632191,1211.28139306395,No
2015-02-11,3671.0,3370.6508321095084,2744.7785845964536,3951.5371203478912,300.3491678904916,1206.7585357514376,No
2015-02-12,3729.0,3332.25679182082,2749.025379348294,3894.655306683188,396.7432081791799,1145.629927334894,No
2015-02-13,3205.0,3222.913597490682,2649.188750166028,3802.1130773416926,-17.91359749068215,1152.9243271756645,No
2015-02-14,1475.0,1730.087886542387,1142.3569879640152,2320.2658235947333,-255.08788654238697,1177.9088356307182,No
2015-02-15,1870.0,1781.5861075870885,1166.5529515814237,2391.639791165139,88.41389241291154,1225.0868395837151,No
2015-02-16,3323.0,3323.469528550402,2718.790368474895,3920.355477204043,-0.469528550402174,1201.565108729148,No
2015-02-17,3582.0,3515.8191284039044,2934.677330519771,4129.812117648646,66.18087159609559,1195.1347871288744,No
2015-02-18,3582.0,3487.282017270404,2885.359462277705,4083.494300628327,94.71798272959586,1198.134838350622,No
2015-02-19,3559.0,3406.416292679298,2806.206409734397,3972.238159270535,152.58370732070216,1166.0317495361382,No
2015-02-20,3051.0,2890.0507045991035,2313.960077489416,3474.758455196172,160.94929540089652,1160.7983777067557,No
2015-02-21,1530.0,1421.8189940454872,821.4089390934461,1984.4085198089508,108.18100595451278,1162.9995807155046,No
2015-02-22,1294.0,1697.5045684210768,1032.288140624338,2331.866025029969,-403.5045684210768,1299.577884405631,No
2015-02-23,3618.0,3319.269034291276,2732.605143900695,3913.96013969609,298.73096570872394,1181.354995795395,No
2015-02-24,3841.0,3557.2832520541456,2970.8667161944054,4198.162792896525,283.7167479458544,1227.29607670212,No
2015-02-25,2651.0,3593.192735856848,2977.231525029011,4182.654126481675,-942.1927358568478,1205.422601452664,No
2015-02-26,3628.0,3676.3450032243504,3071.7784826613542,4282.734679165674,-48.34500322435042,1210.9561965043195,No
2015-02-27,3398.0,3236.1517797680867,2637.786347341559,3858.01907899585,161.84822023191327,1220.232731654291,No
2015-02-28,1224.0,1971.014177025315,1349.226190545664,2485.611644667745,-747.0141770253149,1136.3854541220812,No
2015-03-01,2006.0,1800.559034437216,1214.5410318324748,2380.662899480191,205.44096556278396,1166.121867647716,No
2015-03-02,3573.0,3413.484007369034,2836.987647724732,4046.448410011384,159.51599263096614,1209.460762286652,No
2015-03-03,3818.0,3727.333435897263,3110.5550685470853,4296.120636609231,90.66656410273708,1185.5655680621458,No
2015-03-04,3803.0,3745.8409228515006,3118.2899556655407,4324.592179819252,57.159077148499364,1206.3022241537114,No
2015-03-05,3807.0,3795.035460005284,3200.6562356114364,4423.7718895666485,11.964539994715778,1223.115653955212,No
2015-03-06,3548.0,3531.5008860101534,2932.638173347188,4124.707575730381,16.49911398984659,1192.069402383193,No
2015-03-07,3179.0,2289.230710911202,1693.5314952134531,2879.762607618125,889.7692890887979,1186.2311124046719,No
2015-03-08,2179.0,2198.943358546089,1559.2732242996808,2819.1296017938243,-19.943358546088803,1259.8563774941435,No
2015-03-09,3886.0,3636.15828345828,3020.498768716689,4210.946117209235,249.84171654171996,1190.447348492546,No
2015-03-10,4033.0,3886.393375965166,3274.222975978888,4492.340557435181,146.6066240348341,1218.117581456293,No
2015-03-11,4053.0,3888.9758936188096,3299.5065459241446,4526.33276107088,164.02410638119045,1226.8262151467356,No
2015-03-12,4125.0,3931.381330090398,3365.3608918770783,4538.430366532665,193.61866990960198,1173.0694746555869,No
2015-03-13,3609.0,3364.9385743696425,2806.4345472085733,3979.089545023752,244.06142563035746,1172.6549978151788,No
2015-03-14,1625.0,1875.7393677841565,1286.5385406746652,2466.844141221796,-250.73936778415646,1180.3056005471306,No
2015-03-15,1153.0,1826.187540792296,1222.6319362617446,2460.1502734107453,-673.187540792296,1237.5183371490007,No
2015-03-16,2760.0,3559.5732510394528,2969.0948696056307,4174.702540751896,-799.5732510394528,1205.6076711462651,No
2015-03-17,3734.0,3876.98347600977,3299.6280817278,4471.447773258007,-142.98347600977013,1171.8196915302074,No
2015-03-18,3889.0,3676.735218782827,3084.4226812053453,4310.601057880725,212.2647812171731,1226.1783766753802,No
2015-03-19,3787.0,3593.3083094314247,3025.096958211976,4158.584145475759,193.69169056857527,1133.4871872637832,No
2015-03-20,3515.0,3348.3359790795403,2789.651308116687,3959.490924577052,166.66402092045973,1169.839616460365,No
2015-03-21,1377.0,1804.0644280448091,1244.1528953424208,2414.606328451417,-427.0644280448091,1170.4534331089963,No
2015-03-22,1941.0,1719.1811223462964,1070.1727642616222,2304.4887669900204,221.81887765370357,1234.3160027283982,No
2015-03-23,3719.0,3470.377177542594,2868.2794154915928,4087.798387645661,248.62282245740607,1219.5189721540683,No
2015-03-24,3864.0,3418.772030770728,2837.3685145370564,4039.521799467872,445.2279692292718,1202.1532849308155,No
2015-03-25,3858.0,3347.7035365024512,2742.879532794249,3940.653817363314,510.29646349754876,1197.774284569065,No
2015-03-26,2658.0,3418.888820762601,2837.3195389884413,4025.978279447102,-760.888820762601,1188.6587404586608,No
2015-03-27,3514.0,3052.873350327037,2446.606301223016,3662.9229645974888,461.12664967296314,1216.3166633744727,No
2015-03-28,1651.0,1640.2231139679675,1068.533905691944,2269.232137295454,10.776886032032508,1200.6982316035098,No
2015-03-29,875.0,1688.0251114261368,1127.8192870807932,2286.6153227618947,-813.0251114261368,1158.7960356811016,No
2015-03-30,3370.0,3193.0983250657814,2575.2841632526315,3788.650071049533,176.9016749342186,1213.3659077969014,No
2015-03-31,3297.0,3433.96993920043,2877.987998997445,3978.25154043891,-136.96993920042996,1100.263541441465,No
2015-04-01,3473.0,3315.251076089524,2700.049939276703,3865.840427265333,157.74892391047615,1165.79048798863,No
2015-04-02,2813.0,3339.798828323773,2810.8110412054693,3926.468976651217,-526.7988283237728,1115.6579354457476,No
2015-04-03,1404.0,1632.4475590684344,1044.867606228603,2230.45777630853,-228.44755906843443,1185.5901700799268,No
2015-04-04,1245.0,1535.9661157950984,968.7430937819,2147.3621146020105,-290.9661157950984,1178.6190208201106,No
2015-04-05,2156.0,1791.5390705148288,1232.8527476476645,2403.8602816873367,364.46092948517116,1171.0075340396722,No
2015-04-06,3000.0,2748.925420790551,2168.23100427958,3383.471230580643,251.07457920944898,1215.240226301063,No
2015-04-07,3721.0,4055.787738769304,3466.26143055973,4649.804949954262,-334.7877387693038,1183.5435193945323,No
2015-04-08,3714.0,3961.0816325868896,3389.871156591141,4562.618922090646,-247.08163258688955,1172.7477654995055,No
2015-04-09,3712.0,3990.1352140463937,3339.463196969206,4549.4573109129005,-278.1352140463937,1209.9941139436946,No
2015-04-10,3751.0,3931.809241639326,3312.946884599621,4520.449719907072,-180.80924163932605,1207.5028353074508,No
2015-04-11,2713.0,2119.107288598961,1555.2866648187662,2711.51280064753,593.8927114010389,1156.226135828764,No
2015-04-12,3241.0,2470.4856434840867,1933.265327025496,3032.133871325159,770.5143565159133,1098.868544299663,No
2015-04-13,3752.0,4011.235872616365,3431.043192146516,4648.134487706819,-259.2358726163652,1217.0912955603026,No
2015-04-14,4196.0,4638.337315271314,4043.688972450466,5234.374002913988,-442.33731527131386,1190.6850304635223,No
2015-04-15,4492.0,4774.617957481027,4188.266781446641,5419.2740309717365,-282.6179574810267,1231.0072495250952,No
2015-04-16,4211.0,4173.814605700092,3559.51461443439,4831.638455059895,37.185394299907784,1272.1238406255052,No
2015-04-17,3868.0,3674.160767411899,3106.9685235362517,4275.388617647463,193.8392325881009,1168.4200941112117,No
2015-04-18,3099.0,2273.2135381043445,1659.2979054063685,2847.14160001912,825.7864618956555,1187.8436946127513,No
2015-04-19,1874.0,2319.615809072453,1746.808259060388,2907.324080859334,-445.615809072453,1160.515821798946,No
2015-04-20,4220.0,4276.929070060991,3680.518179425465,4869.674129741287,-56.92907006099085,1189.1559503158223,No
2015-04-21,4628.0,4508.4663043055325,3922.69574969358,5107.416489736596,119.5336956944675,1184.7207400430161,No
2015-04-22,4443.0,4294.834678209059,3701.21686361686,4903.99460278602,148.16532179094065,1202.7777391691598,No
2015-04-23,4267.0,4359.204845357736,3760.204014798723,4976.6758991063725,-92.2048453577363,1216.4718843076494,No
2015-04-24,4069.0,4175.041684775491,3582.82227121866,4801.565288638254,-106.04168477549138,1218.7430174195943,No
2015-04-25,2710.0,2762.833877717564,2215.6232737060773,3354.669824562165,-52.833877717564064,1139.0465508560878,No
2015-04-26,1803.0,2411.376203779224,1830.0880334406847,2998.643910797346,-608.3762037792239,1168.5558773566613,No
2015-04-27,4437.0,4027.3514960907705,3413.9360922591754,4623.996575990662,409.6485039092295,1210.0604837314863,No
2015-04-28,4453.0,4291.52200051562,3690.679463609634,4892.540554847946,161.47799948438023,1201.861091238312,No
2015-04-29,4069.0,4145.46378059409,3540.229286384097,4741.793800824808,-76.46378059409017,1201.5645144407113,No
2015-04-30,4283.0,4255.454419969691,3660.596138759088,4866.260164280884,27.545580030308884,1205.6640255217962,No
2015-05-01,3791.0,3628.903085189229,3011.99910035041,4196.802005290182,162.09691481077107,1184.802904939772,No
2015-05-02,2175.0,2262.3403937482785,1681.1737589181216,2866.700220020008,-87.34039374827853,1185.5264611018865,No
2015-05-03,2276.0,2698.2862077635345,2115.848071324831,3282.8293605596145,-422.28620776353455,1166.9812892347836,No
2015-05-04,3057.0,2535.10883023328,1955.0411352765984,3128.1754338783853,521.8911697667199,1173.134298601787,No
2015-05-05,3516.0,4294.67024680425,3711.866157761021,4906.693106963033,-778.6702468042504,1194.8269492020117,No
2015-05-06,3911.0,4168.4207044949935,3565.5178520005243,4787.809365240649,-257.4207044949935,1222.2915132401245,No
2015-05-07,4098.0,4336.581898259583,3713.308378535301,4951.027383572682,-238.58189825958289,1237.719005037381,No
2015-05-08,3744.0,3988.2670611763288,3410.5105533647056,4635.367139671845,-244.26706117632875,1224.856586307139,No
2015-05-09,2718.0,2674.2255178127853,2110.709600163525,3248.2755280790743,43.774482187214744,1137.5659279155493,No
2015-05-10,3270.0,2775.3948599185483,2207.090244785424,3420.117706591307,494.60514008145174,1213.027461805883,No
2015-05-11,4227.0,4629.615236489271,4032.17074418601,5240.974153586423,-402.6152364892714,1208.8034094004133,No
2015-05-12,4413.0,4596.700822911491,4040.526503170736,5195.045519420124,-183.70082291149083,1154.5190162493882,No
2015-05-13,4675.0,4619.551978523207,4029.8672752355706,5211.384481015831,55.448021476792746,1181.5172057802602,No
2015-05-14,3612.0,4105.47127730488,3517.112125573748,4670.875324008589,-493.47127730487955,1153.763198434841,No
2015-05-15,4101.0,4037.36462612105,3444.930284922133,4643.167037349373,63.63537387894985,1198.2367524272395,No
2015-05-16,3140.0,2715.025822490325,2101.537303489676,3329.578456827725,424.974177509675,1228.0411533380488,No
2015-05-17,3124.0,2745.9449943712184,2100.5228939777558,3331.928615426676,378.0550056287816,1231.4057214489203,No
2015-05-18,3508.0,4222.328778394953,3610.9359228210233,4790.144221427444,-714.3287783949527,1179.2082986064206,No
2015-05-19,4379.0,4355.115289503589,3775.819321040725,4981.829446919976,23.884710496410662,1206.0101258792515,No
2015-05-20,4428.0,4336.483327291175,3749.94602429736,4918.271493540581,91.51667270882535,1168.325469243221,No
2015-05-21,4395.0,4641.580181716544,4104.30101513566,5277.45013174406,-246.58018171654385,1173.1491166083997,No
2015-05-22,3966.0,4240.3476636321575,3628.821720017733,4859.785147334436,-274.3476636321575,1230.9634273167035,No
2015-05-23,2031.0,2683.140974924921,2081.3365364655087,3290.910981467613,-652.140974924921,1209.5744450021043,No
2015-05-24,2899.0,2916.403307430302,2318.924695838762,3552.916226178732,-17.403307430301993,1233.9915303399698,No
2015-05-25,2799.0,2818.115976556076,2192.502726921443,3441.967342474082,-19.11597655607602,1249.4646155526393,No
2015-05-26,4018.0,4601.54985783575,3985.2196121990414,5193.518183548719,-583.5498578357501,1208.2985713496778,No
2015-05-27,4348.0,4625.678323583508,4072.63492628515,5277.73875644042,-277.67832358350825,1205.1038301552699,No
2015-05-28,4302.0,4338.021578404773,3729.7066231151016,4930.263781317419,-36.02157840477321,1200.5571582023172,No
2015-05-29,3904.0,3614.7843420631,3006.053329964497,4251.4727749497,289.2156579368998,1245.4194449852025,No
2015-05-30,2715.0,2225.087906171153,1634.6983293235685,2822.020751619517,489.912093828847,1187.3224222959484,No
2015-05-31,1372.0,1987.9375249174905,1400.643484151802,2587.4256936089614,-615.9375249174905,1186.7822094571593,No
2015-06-01,4183.0,3673.9255024126624,3071.9174442845865,4313.374043589675,509.07449758733765,1241.4565993050887,No
2015-06-02,3700.0,4219.458902178146,3610.8428466305454,4876.602973268929,-519.4589021781458,1265.760126638384,No
2015-06-03,4607.0,4321.347792004709,3775.043637330824,4896.977074123975,285.65220799529106,1121.9334367931515,No
2015-06-04,4581.0,4538.050998518963,3936.631757487932,5136.521147285437,42.94900148103716,1199.889389797505,No
2015-06-05,3995.0,4396.960983640709,3846.0257290137647,5000.867978307641,-401.96098364070895,1154.8422492938766,No
2015-06-06,2969.0,2700.94737205336,2075.426816413384,3307.84682750091,268.05262794663986,1232.4200110875258,No
2015-06-07,3307.0,2818.8085726323025,2238.3007150243816,3417.121339964636,488.19142736769754,1178.8206249402542,No
2015-06-08,4507.0,4273.160055433704,3647.1247810875634,4906.123382984075,233.83994456629625,1258.9986018965114,No
2015-06-09,4615.0,4363.743228289901,3751.5997697209896,4988.067189000016,251.2567717100992,1236.4674192790262,No
2015-06-10,4694.0,4503.419452107558,3940.562192460509,5140.324510257236,190.58054789244215,1199.7623177967275,No
2015-06-11,4723.0,4752.07605554842,4141.188455711431,5375.224782226195,-29.0760555484203,1234.0363265147644,No
2015-06-12,4212.0,4453.0798923301445,3851.549201606517,5069.797770468168,-241.0798923301445,1218.2485688616512,No
2015-06-13,2641.0,2791.1833560656014,2225.14242830005,3382.1884375836776,-150.1833560656014,1157.0460092836274,No
2015-06-14,2567.0,2606.2293917850398,2021.6699061194145,3189.2168310737925,-39.22939178503975,1167.546924954378,No
2015-06-15,4447.0,4210.763821117581,3667.8027809575615,4813.175232837117,236.23617888241915,1145.3724518795552,No
2015-06-16,4749.0,4666.225683104681,4064.065413982691,5237.578090696931,82.77431689531932,1173.5126767142401,No
2015-06-17,4803.0,4755.083095693282,4187.946921343863,5322.523782018868,47.9169043067177,1134.5768606750044,No
2015-06-18,4622.0,4391.6921110987205,3790.9025594579607,5000.592271181242,230.3078889012795,1209.689711723281,No
2015-06-19,4137.0,3951.392810604697,3396.378260664327,4570.056637691073,185.60718939530307,1173.6783770267457,No
2015-06-20,2533.0,2453.157620458194,1838.410814784064,3033.690688429008,79.84237954180617,1195.2798736449438,No
2015-06-21,2861.0,2538.408857860032,1949.4892514566095,3081.189156373488,322.5911421399678,1131.6999049168785,No
2015-06-22,3867.0,4013.7122923804336,3373.5306484867606,4633.736214196752,-146.7122923804336,1260.2055657099918,No
2015-06-23,4685.0,4302.868261602042,3704.842355625716,4911.770082724604,382.13173839795763,1206.9277270988882,No
2015-06-24,4568.0,4515.875192662951,3858.36623941138,5087.257445575679,52.12480733704888,1228.8912061642995,No
2015-06-25,4543.0,4558.873589427242,3989.5508818183225,5177.264298397233,-15.873589427242223,1187.7134165789103,No
2015-06-26,4009.0,4348.897462740525,3752.352731239953,4958.203179083371,-339.89746274052504,1205.850447843418,No
2015-06-27,3172.0,2758.084106664957,2156.8062483533595,3365.7189878601225,413.91589333504317,1208.912739506763,No
2015-06-28,2506.0,2705.3298980618847,2090.156750931816,3278.614485926078,-199.3298980618847,1188.457734994262,No
2015-06-29,4727.0,4570.155884122437,3937.4283339683366,5143.335648209076,156.84411587756313,1205.9073142407392,No
2015-06-30,4930.0,5051.353351691652,4421.805380213503,5654.6726772898855,-121.35335169165228,1232.8672970763828,No
2015-07-01,4779.0,5335.27420095057,4753.029909905541,5932.52385139892,-556.27420095057,1179.4939414933788,No
2015-07-02,4641.0,4864.556086835514,4300.520967525707,5481.942923656527,-223.55608683551418,1181.4219561308191,No
2015-07-03,4412.0,4441.279887966686,3860.038276221602,5002.32995547054,-29.279887966686147,1142.2916792489382,No
2015-07-04,3391.0,3206.900342611849,2562.662363446236,3800.589565720588,184.09965738815117,1237.9272022743517,No
2015-07-05,2990.0,3077.673711491031,2455.2026929010053,3672.5450524061102,-87.6737114910311,1217.342359505105,No
2015-07-06,4549.0,4750.296049237667,4136.576185213677,5324.135085240662,-201.29604923766692,1187.5589000269856,No
2015-07-07,4867.0,4979.253156272966,4374.729298975346,5589.255702069002,-112.25315627296641,1214.526403093656,No
2015-07-08,5560.0,4769.653729685924,4135.068805110644,5373.580395580204,790.3462703140758,1238.5115904695604,No
2015-07-09,7860.0,4984.662768104944,4383.450431136379,5538.480324768061,2875.337231895056,1155.0298936316822,Yes
2015-07-10,4496.0,4796.902779389328,4142.823935531034,5378.446279902206,-300.9027793893283,1235.6223443711715,No
2015-07-11,3708.0,3285.4112977043656,2704.583276850453,3897.967888231235,422.58870229563445,1193.3846113807822,No
2015-07-12,2430.0,3108.856416617413,2501.2538500473897,3720.064788075101,-678.8564166174128,1218.8109380277115,No
2015-07-13,3793.0,4618.448568679904,3985.6307753969672,5241.598654155459,-825.4485686799044,1255.9678787584921,No
2015-07-14,4600.0,4828.02313179729,4225.32011634133,5459.470190351387,-228.02313179729026,1234.1500740100573,No
2015-07-15,4188.0,4714.5291543700505,4110.51130558984,5318.207988258821,-526.5291543700505,1207.6966826689813,No
2015-07-16,4686.0,4726.933045060251,4155.454844541789,5313.6920342933545,-40.93304506025106,1158.237189751566,No
2015-07-17,4204.0,4342.401158323972,3745.384256652367,4923.323599200066,-138.40115832397169,1177.9393425476992,No
2015-07-18,3491.0,2794.5952603682863,2192.7948439373663,3444.700687466516,696.4047396317137,1251.9058435291495,No
2015-07-19,3286.0,2895.43983695559,2326.8270448385774,3470.3829772092654,390.5601630444098,1143.555932370688,No
2015-07-20,4223.0,4332.110772247135,3732.551712739316,4951.367700475098,-109.11077224713517,1218.815987735782,No
2015-07-21,4753.0,4665.209704705747,4103.834211693198,5291.533536732586,87.79029529425316,1187.699325039388,No
2015-07-22,4654.0,4429.191892109707,3805.776316613352,5061.727369020515,224.8081078902933,1255.951052407163,No
2015-07-23,4536.0,4361.364674059502,3779.592028284176,4964.970564481626,174.63532594049775,1185.3785361974496,No
2015-07-24,3524.0,3807.0101446125504,3180.9819091992085,4421.406289545502,-283.01014461255045,1240.4243803462932,No
2015-07-25,3105.0,2528.364580312791,1919.482194370643,3168.091998665197,576.6354196872089,1248.6098042945541,No
2015-07-26,1069.0,2494.416113518595,1878.894909647241,3086.713959909775,-1425.416113518595,1207.819050262534,No
2015-07-27,3903.0,4358.369420984771,3734.933447537043,4898.784396468468,-455.36942098477084,1163.8509489314251,No
2015-07-28,4471.0,4557.884652269496,3964.579806401672,5195.810504459856,-86.88465226949575,1231.2306980581839,No
2015-07-29,4457.0,4504.392514732529,3885.671197834346,5125.086212579037,-47.39251473252898,1239.4150147446912,No
2015-07-30,4268.0,4544.696433622173,3968.136750297484,5121.864933509517,-276.69643362217266,1153.728183212033,No
2015-07-31,3993.0,4380.228057264952,3785.639621517802,4964.289220321101,-387.22805726495244,1178.6495988032993,No
2015-08-01,4175.0,3044.870598526887,2426.206987317152,3652.789790048442,1130.129401473113,1226.5828027312896,No
2015-08-02,3881.0,3275.667504874746,2731.355402579482,3954.42812322821,605.3324951252539,1223.0727206487281,No
2015-08-03,4179.0,4842.0286209976,4253.883758321773,5470.229339781838,-663.0286209976002,1216.3455814600647,No
2015-08-04,4611.0,4899.290953436777,4317.350216307103,5519.100331467574,-288.2909534367773,1201.7501151604702,No
2015-08-05,4436.0,4830.581556237204,4238.288578068452,5455.9247493429575,-394.5815562372036,1217.6361712745056,No
2015-08-06,7208.0,4897.419724157292,4279.221564166393,5488.89284002003,2310.580275842708,1209.6712758536369,Yes
2015-08-07,4300.0,4625.557503698289,4011.854871587927,5205.371700770664,-325.5575036982891,1193.5168291827367,No
2015-08-08,3556.0,3158.892687201645,2537.5710401347405,3732.843464446873,397.107312798355,1195.2724243121324,No
2015-08-09,3688.0,3315.988776124487,2717.348327982599,3943.994012115933,372.0112238755132,1226.6456841333338,No
2015-08-10,4269.0,4711.18682471517,4121.445420609705,5305.247258983908,-442.1868247151697,1183.8018383742028,No
2015-08-11,4384.0,4733.628313861895,4125.806131197014,5347.038265825029,-349.62831386189464,1221.232134628015,No
2015-08-12,4282.0,4661.637601984412,4017.073856403758,5226.04098426709,-379.63760198441196,1208.9671278633318,No
2015-08-13,3923.0,4623.995130421417,4058.606703873229,5204.658595796141,-700.9951304214173,1146.0518919229116,No
2015-08-14,3528.0,4280.161425040655,3702.8145739793017,4899.932698910365,-752.1614250406546,1197.118124931063,No
2015-08-15,3091.0,2675.223909942736,2061.496791798204,3311.7708962732627,415.7760900572639,1250.2741044750587,No
2015-08-16,2828.0,2740.2038587676616,2121.636109460835,3349.903366687906,87.79614123233841,1228.2672572270708,No
2015-08-17,4263.0,4343.044574097966,3737.744078548152,4956.814957224948,-80.04457409796578,1219.0708786767955,No
2015-08-18,4418.0,4363.397763706627,3754.1165631250055,4949.367851450677,54.6022362933727,1195.2512883256718,No
2015-08-19,4502.0,4377.046618944945,3804.618115548779,4975.774398555672,124.9533810550547,1171.1562830068929,No
2015-08-20,4002.0,4326.592974793349,3756.8505635849306,4923.687351243448,-324.59297479334873,1166.836787658517,No
2015-08-21,3950.0,4160.112939875359,3571.8427057790464,4791.592447412199,-210.1129398753592,1219.749741633153,No
2015-08-22,3999.0,2896.599280608584,2301.956821584141,3506.423757528375,1102.4007193914158,1204.4669359442341,No
2015-08-23,2579.0,2401.17612883122,1774.059361237708,3022.8057814658086,177.82387116878,1248.7464202281008,No
2015-08-24,3077.0,3715.880504912733,3124.614347132353,4307.94377406507,-638.8805049127332,1183.329426932717,No
2015-08-25,4440.0,3977.271091594484,3361.5850144505453,4560.630711167335,462.728908405516,1199.0456967167897,No
2015-08-26,3629.0,3976.459942413738,3329.604460590421,4578.946053784658,-347.4599424137382,1249.3415931942372,No
2015-08-27,3846.0,3942.225467001736,3323.9923386192136,4585.671703082003,-96.22546700173598,1261.6793644627892,No
2015-08-28,3486.0,3664.5557289354138,3044.246535493773,4219.179697408598,-178.55572893541375,1174.9331619148252,No
2015-08-29,2524.0,2348.952539009557,1740.493894746416,2958.450516477386,175.04746099044314,1217.95662173097,No
2015-08-30,2257.0,2393.186439121913,1817.3261455198424,3024.78973976083,-136.18643912191283,1207.4635942409875,No
2015-08-31,1001.0,1472.6235731120069,877.6705911034097,2044.169219249776,-471.62357311200685,1166.4986281463662,No
2015-09-01,3658.0,4057.591909050243,3395.051623306968,4660.4867524804295,-399.591909050243,1265.4351291734615,No
2015-09-02,4271.0,3964.4777038140855,3350.3123792055567,4558.196616343584,306.52229618591446,1207.884237138027,No
2015-09-03,4324.0,3961.401434567305,3409.2602869769016,4548.1455784561285,362.59856543269507,1138.885291479227,No
2015-09-04,3964.0,3575.5187064428087,3012.57225120899,4171.110854382573,388.4812935571913,1158.538603173583,No
2015-09-05,1994.0,2192.508661794587,1635.2861935355595,2852.647989128807,-198.50866179458717,1217.3617955932473,No
2015-09-06,2903.0,2519.758308233276,1940.327659322478,3135.533453920028,383.2416917667242,1195.20579459755,No
2015-09-07,4302.0,4072.32834666855,3478.1170425917544,4696.323005291093,229.67165333145022,1218.2059626993387,No
2015-09-08,4557.0,4290.613622337302,3659.0530138180216,4920.867919278775,266.38637766269767,1261.8149054607534,No
2015-09-09,4578.0,4432.478328919418,3844.7683509436097,5023.301938081674,145.52167108058165,1178.5335871380644,No
2015-09-10,4702.0,4500.792093349877,3869.972684246943,5106.781781013101,201.20790665012282,1236.8090967661578,No
2015-09-11,4286.0,4125.508061449341,3515.1903400423275,4718.745811259369,160.49193855065914,1203.555471217041,No
2015-09-12,2782.0,2733.85678704815,2138.068039043319,3315.978884766043,48.14321295184982,1177.910845722724,No
2015-09-13,2549.0,2571.178198084844,1961.7743476280357,3135.5488295226683,-22.178198084844098,1173.7744818946326,No
2015-09-14,3971.0,4205.849182870928,3607.2943496918056,4828.620096423296,-234.84918287092842,1221.3257467314902,No
2015-09-15,3952.0,4422.92963041665,3809.1654177647542,5091.972707707508,-470.92963041665007,1282.8072899427534,No
2015-09-16,4176.0,4139.919215324607,3548.331120139821,4781.291252525362,36.08078467539326,1232.9601323855413,No
2015-09-17,4413.0,4311.831400808409,3680.881752130912,4940.986110333948,101.16859919159106,1260.104358203036,No
2015-09-18,4009.0,3937.197520027362,3367.3845616530075,4563.141584248367,71.80247997263814,1195.757022595359,No
2015-09-19,3286.0,2567.3104200184302,1958.0637434472692,3189.214454376315,718.6895799815698,1231.150710929046,No
2015-09-20,3026.0,2728.16375190712,2112.528767034661,3294.254344992171,297.83624809287994,1181.7255779575098,No
2015-09-21,4388.0,4128.348638527564,3486.5182371563787,4710.908999336866,259.6513614724363,1224.3907621804874,No
2015-09-22,3002.0,4271.574334996857,3692.2788899904094,4861.790574729885,-1269.574334996857,1169.5116847394752,No
2015-09-23,4553.0,4447.942509941824,3881.874753690157,5055.554248595478,105.05749005817597,1173.6794949053215,No
2015-09-24,3732.0,4500.063459086765,3863.166419321924,5108.949306696803,-768.0634590867649,1245.7828873748795,No
2015-09-25,4214.0,4117.305610391775,3569.988997351634,4691.814155066515,96.69438960822481,1121.8251577148808,No
2015-09-26,3086.0,2690.562469807662,2142.285585103971,3320.4810525898715,395.4375301923378,1178.1954674859007,No
2015-09-27,2866.0,2841.8710893948355,2255.8917874220424,3462.4003509088566,24.128910605164492,1206.5085634868142,No
2015-09-28,4498.0,4408.7681035311625,3860.419992415432,5027.327468624307,89.23189646883748,1166.9074762088749,No
2015-09-29,4798.0,4645.440494373901,4087.1041453049256,5246.634028341384,152.55950562609905,1159.5298830364582,No
2015-09-30,4833.0,4594.935014305221,3972.7388598535176,5137.315286544531,238.06498569477935,1164.5764266910132,No
2015-10-01,4718.0,4580.100826313929,3944.097070475929,5197.38777639668,137.89917368607075,1253.2907059207514,No
2015-10-02,4470.0,4200.7125641378425,3599.856396928475,4822.4608351599145,269.2874358621575,1222.6044382314394,No
2015-10-03,2725.0,2661.784802585619,2066.160869156301,3251.935089658008,63.21519741438078,1185.774220501707,No
2015-10-04,3011.0,2841.646558096017,2209.726267950774,3453.0036532170875,169.3534419039829,1243.2773852663136,No
2015-10-05,4334.0,4482.975252401868,3850.926366551499,5025.131320995695,-148.9752524018677,1174.2049544441961,No
2015-10-06,4325.0,4805.189273588624,4226.170359301743,5403.705584101404,-480.189273588624,1177.5352247996616,No
2015-10-07,4411.0,4562.804376596338,3969.513745949009,5198.699095399215,-151.80437659633844,1229.1853494502066,No
2015-10-08,4684.0,4579.414179579642,3987.4943026369374,5219.265662873595,104.58582042035778,1231.7713602366575,No
2015-10-09,4360.0,4290.126259104894,3678.6723379218743,4924.801872114681,69.87374089510558,1246.1295341928067,No
2015-10-10,2805.0,2798.516386477896,2194.648350092617,3412.994632669836,6.483613522103951,1218.346282577219,No
2015-10-11,2853.0,2820.442519244449,2199.2631052948573,3378.141570621417,32.55748075555084,1178.8784653265598,No
2015-10-12,4547.0,4379.756195502405,3750.472252443448,4980.34131868386,167.2438044975952,1229.869066240412,No
2015-10-13,4890.0,4503.724227837652,3913.8188635450906,5103.789875425873,386.2757721623484,1189.9710118807825,No
2015-10-14,4727.0,4423.191573844452,3812.88937981227,5023.362967323938,303.80842615554775,1210.4735875116685,No
2015-10-15,4546.0,4364.514069651804,3707.378411193415,4999.753526584925,181.48593034819623,1292.3751153915096,No
2015-10-16,4168.0,3990.1669415224783,3341.2895701892853,4604.840378817102,177.83305847752172,1263.5508086278164,No
2015-10-17,2117.0,2442.6445380860664,1838.759867981841,3034.080618507692,-325.6445380860664,1195.3207505258513,No
2015-10-18,2251.0,2542.0703611021486,1976.4202291165047,3154.6127749739862,-291.0703611021486,1178.1925458574815,No
2015-10-19,4275.0,4035.474529655228,3453.05790659383,4634.643208809357,239.5254703447722,1181.585302215527,No
2015-10-20,4699.0,4240.9080256591815,3671.126422725656,4908.901109993135,458.0919743408185,1237.7746872674788,No
2015-10-21,2775.0,4141.273633129057,3515.6158270992923,4759.329599079624,-1366.273633129057,1243.7137719803318,No
2015-10-22,4461.0,4091.912666653316,3501.391633285624,4692.145069036817,369.08733334668386,1190.7534357511936,No
2015-10-23,4153.0,3627.80441494005,3025.6106054709367,4207.907519913763,525.1955850599502,1182.2969144428266,No
2015-10-24,1747.0,2235.7901721957337,1683.3294088029447,2819.2879530657083,-488.7901721957337,1135.9585442627636,No
2015-10-25,2493.0,2192.354995207241,1562.0068773872654,2766.07203024775,300.6450047927592,1204.0651528604844,No
2015-10-26,4133.0,4027.917137281979,3463.123898896195,4598.079184954373,105.0828627180208,1134.955286058178,No
2015-10-27,4463.0,4385.179002244638,3787.335240081275,4977.060406256534,77.82099775536244,1189.7251661752593,No
2015-10-28,3033.0,4237.999190068648,3674.655651544223,4794.793933352064,-1204.9991900686482,1120.1382818078414,No
2015-10-29,4339.0,4250.220417963024,3646.736260041329,4841.589175055948,88.77958203697563,1194.8529150146187,No
2015-10-30,2768.0,3886.911563862891,3313.1657952107907,4508.539465911285,-1118.911563862891,1195.3736707004946,No
2015-10-31,3029.0,2377.579174240409,1739.6448547802947,2947.3229367777026,651.420825759591,1207.6780819974078,No
2015-11-01,2499.0,2188.970311630715,1571.0075101162151,2813.423749783012,310.02968836928494,1242.416239666797,No
2015-11-02,4109.0,3949.323229037941,3338.8937835894426,4564.359985357143,159.67677096205898,1225.4662017677006,No
2015-11-03,4742.0,4115.535702373788,3515.796958870442,4706.790327842869,626.4642976262121,1190.9933689724276,No
2015-11-04,3143.0,4113.180747124079,3521.56770191008,4744.292020995538,-970.1807471240791,1222.7243190854583,No
2015-11-05,4366.0,4108.57032114795,3548.971769443223,4673.246339705875,257.4296788520496,1124.2745702626517,No
2015-11-06,3916.0,3797.9184804811184,3198.397037892731,4402.061155778956,118.08151951888158,1203.664117886225,No
2015-11-07,1331.0,2260.81316893456,1691.3397284678924,2851.406213158214,-929.81316893456,1160.0664846903217,No
2015-11-08,1846.0,2257.161033471991,1655.8875607309276,2877.032987613995,-411.1610334719908,1221.1454268830673,No
2015-11-09,4308.0,3754.386693547508,3129.4642483724183,4291.5690319342575,553.613306452492,1162.1047835618392,No
2015-11-10,4681.0,4033.580261613225,3450.065384509762,4663.082459126769,647.419738386775,1213.017074617007,No
2015-11-11,4538.0,3885.154085638485,3280.451068155435,4471.628519954596,652.845914361515,1191.1774517991612,No
2015-11-12,4579.0,3914.438787409845,3341.358005206116,4550.120002647963,664.5612125901548,1208.7619974418467,No
2015-11-13,4214.0,3461.638773773206,2859.6938171183874,4084.966701281741,752.3612262267939,1225.2728841633534,No
2015-11-14,660.0,2072.716035508391,1460.5797827891772,2623.765062545845,-1412.716035508391,1163.1852797566678,No
2015-11-15,1741.0,2309.046304525992,1705.4650099462408,2919.492314843263,-568.0463045259921,1214.0273048970223,No
2015-11-16,4086.0,3812.234744185408,3181.667342267313,4374.182586252805,273.7652558145919,1192.515243985492,No
2015-11-17,4243.0,4172.2857964663135,3539.275497280165,4786.797720348354,70.71420353368649,1247.5222230681893,No
2015-11-18,4455.0,4111.822331839276,3550.934785822965,4689.162692144373,343.17766816072435,1138.2279063214082,No
2015-11-19,4204.0,3949.3885023085454,3392.642875090569,4584.077841836382,254.6114976914546,1191.4349667458127,No
2015-11-20,3996.0,3390.3196568490425,2736.425219657689,4006.251481275025,605.6803431509575,1269.826261617336,No
2015-11-21,1267.0,1739.881102634293,1168.3079853286138,2357.5925949683847,-472.88110263429303,1189.284609639771,No
2015-11-22,1443.0,1753.3141374439024,1094.5641219218326,2341.6242713059664,-310.3141374439024,1247.0601493841339,No
2015-11-23,3919.0,3461.2622279345737,2840.660868789698,4086.207837812237,457.73777206542627,1245.546969022539,No
2015-11-24,3120.0,3763.4489114125327,3158.719036451463,4369.921785846808,-643.4489114125327,1211.202749395345,No
2015-11-25,4170.0,3703.987053634529,3109.643843378995,4282.377424250494,466.0129463654712,1172.7335808714993,No
2015-11-26,4203.0,3684.243621346865,3096.444129554481,4309.482770244639,518.756378653135,1213.038640690158,No
2015-11-27,3425.0,3471.426643386905,2844.358221118636,4104.691958815933,-46.4266433869052,1260.3337376972968,No
2015-11-28,1534.0,1919.8384489603584,1304.368477668833,2494.889922676601,-385.8384489603584,1190.521445007768,No
2015-11-29,1091.0,2201.0195206069075,1620.8193428095717,2754.659083865241,-1110.0195206069075,1133.8397410556693,No
2015-11-30,3650.0,3896.745441442187,3299.590030231488,4469.008271547989,-246.7454414421868,1169.4182413165013,No
2015-12-01,4185.0,4378.632852564444,3767.786442303126,4986.407256538937,-193.63285256444397,1218.620814235811,No
2015-12-02,4323.0,4116.173445222547,3534.3408823379827,4707.7129646050425,206.82655477745266,1173.3720822670598,No
2015-12-03,4369.0,3991.84282815738,3372.6940039163774,4550.974047828608,377.15717184261985,1178.2800439122302,No
2015-12-04,3739.0,3480.2205433313625,2874.576934504469,4047.062103754096,258.7794566686375,1172.4851692496268,No
2015-12-05,1480.0,1976.7704080185897,1368.5843708883317,2601.9008575444245,-496.7704080185897,1233.3164866560928,No
2015-12-06,1491.0,2085.509831456204,1500.0125935394983,2687.317632454866,-594.5098314562042,1187.3050389153675,No
2015-12-07,3999.0,3613.005276322509,2997.838945557017,4234.974638968964,385.99472367749104,1237.1356934119476,No
2015-12-08,3002.0,3833.502274401691,3233.3465911499507,4431.0696715236045,-831.502274401691,1197.7230803736538,No
2015-12-09,4208.0,3661.900639266798,3045.519809866122,4214.914514656847,546.099360733202,1169.394704790725,No
2015-12-10,4091.0,3636.836871290213,3030.430940922263,4235.96272075075,454.1631287097871,1205.5317798284873,No
2015-12-11,3452.0,3220.204303783836,2612.6027921231034,3805.0220874961815,231.79569621616383,1192.419295373078,No
2015-12-12,1409.0,1984.6881177468497,1378.658490320828,2537.18758876663,-575.6881177468497,1158.5290984458022,No
2015-12-13,1202.0,1986.4313272053648,1387.0587068297048,2548.1384213233214,-784.4313272053648,1161.0797144936166,No
2015-12-14,3761.0,3467.8555500735474,2860.240110964036,4051.723021439692,293.1444499264526,1191.482910475656,No
2015-12-15,3722.0,3891.996809770792,3264.4825781698423,4453.893842256086,-169.99680977079197,1189.4112640862436,No
2015-12-16,3771.0,3916.843847456725,3300.069494765043,4473.040024764969,-145.84384745672514,1172.9705299999255,No
2015-12-17,3910.0,3816.889749784263,3230.363700670291,4463.34548112619,93.11025021573687,1232.9817804558988,No
2015-12-18,3343.0,3186.9920967177604,2602.962375008828,3808.788098577868,156.00790328223957,1205.8257235690398,No
2015-12-19,1653.0,1737.3453169551024,1087.610762333901,2260.906021991748,-84.34531695510236,1173.2952596578468,No
2015-12-20,1333.0,1599.4488999344037,1010.6812066960708,2216.882252370666,-266.4488999344037,1206.201045674595,No
2015-12-21,2615.0,2840.30585934551,2272.4661223691164,3442.305219148605,-225.30585934550982,1169.8390967794885,No
2015-12-22,2350.0,2997.082389043584,2383.2482999553927,3562.241350948214,-647.082389043584,1178.9930509928213,No
2015-12-23,1896.0,2586.748388157608,1965.8133363421016,3211.9026658575176,-690.7483881576081,1246.089329515416,No
2015-12-24,898.0,2451.079097306811,1852.508904075744,3047.50477409667,-1553.079097306811,1194.995870020926,No
2015-12-25,2374.0,2040.6281125898488,1455.6353101233194,2640.572356676707,333.3718874101512,1184.9370465533875,No
2015-12-26,925.0,461.18917114017415,-155.52894334504904,1098.9692125517258,463.81082885982585,1254.498155896775,No
2015-12-27,894.0,394.94701339400416,-213.9391563221681,932.7661556495832,499.05298660599584,1146.7053119717514,No
2015-12-28,1529.0,1348.0478750054456,745.082976346666,1920.025063158944,180.95212499455442,1174.942086812278,No
2015-12-29,1409.0,2098.015203227473,1477.874353372445,2635.2426586326665,-689.0152032274732,1157.3683052602214,No
2015-12-30,1114.0,2183.897944188828,1603.4887087386414,2756.8257359074714,-1069.8979441888282,1153.33702716883,No
2015-12-31,1496.0,2158.942921732004,1613.396690202631,2752.807843126247,-662.9429217320039,1139.411152923616,No
2016-01-01,949.0,848.932127756862,221.5438213953804,1452.1747378552254,100.06787224313803,1230.6309164598451,No
2016-01-02,810.0,618.2952767871956,-1.982550898183513,1189.0317514279247,191.70472321280442,1191.0143023261082,No
2016-01-03,410.0,857.2106540578736,275.86346516810124,1428.2037918873118,-447.2106540578736,1152.3403267192107,No
2016-01-04,3236.0,2683.532716686078,2123.6471114976816,3317.557509150281,552.467283313922,1193.9103976525994,No
2016-01-05,3725.0,3061.71894761194,2434.480489194724,3674.756666223888,663.2810523880598,1240.2761770291636,No
2016-01-06,3796.0,3034.4150442966315,2447.55931623244,3640.8218197298097,761.5849557033685,1193.2625034973698,No
2016-01-07,2668.0,3361.866189212643,2782.387714614,3953.216458332948,-693.8661892126429,1170.8287437189483,No
2016-01-08,3545.0,3100.9456021732262,2508.6310067881946,3698.43431071286,444.05439782677377,1189.8033039246657,No
2016-01-09,1173.0,1773.3044841620897,1159.134571449032,2357.481235235929,-600.3044841620897,1198.3466637868971,No
2016-01-10,1752.0,1876.666981570606,1288.8998561046608,2465.9957043649183,-124.66698157060591,1177.0958482602575,No
2016-01-11,3289.0,3484.039109745174,2899.845874444057,4066.828942373812,-195.03910974517385,1166.9830679297552,No
2016-01-12,4007.0,3777.802845214284,3154.0257532473224,4353.844213694222,229.19715478571607,1199.8184604468997,No
2016-01-13,4054.0,3644.776355994778,3025.436529876262,4244.383301763063,409.223644005222,1218.9467718868013,No
2016-01-14,4039.0,3606.5048725226416,2997.679000347849,4244.216215471527,432.49512747735844,1246.537215123678,No
2016-01-15,3590.0,3255.1891380160478,2650.054191896096,3861.854134580404,334.81086198395224,1211.799942684308,No
2016-01-16,1613.0,1690.3467382566955,1058.3404809334131,2297.300814668272,-77.34673825669552,1238.9603337348588,No
2016-01-17,1162.0,1744.0115540117588,1184.0622595986858,2311.746353789101,-582.0115540117588,1127.684094190415,No
2016-01-18,3765.0,3397.35814943621,2748.9287786296504,3997.578959287286,367.64185056378983,1248.6501806576357,No
2016-01-19,3887.0,3547.669993676639,2917.031782730071,4156.701456744228,339.330006323361,1239.6696740141574,No
2016-01-20,3681.0,3546.690711065145,2945.580762724821,4143.841688542512,134.30928893485498,1198.2609258176913,No
2016-01-21,3653.0,3716.935483033068,3116.2620886289174,4290.299796835005,-63.93548303306807,1174.0377082060872,No
2016-01-22,2803.0,3451.027113887757,2853.837096401016,4059.5105167588295,-648.027113887757,1205.6734203578135,No
2016-01-23,1792.0,1970.73820095287,1314.4161501645149,2558.23777725547,-178.7382009528701,1243.8216270909552,No
2016-01-24,1850.0,2269.4793510536065,1649.933179131957,2860.911066515168,-419.4793510536065,1210.9778873832108,No
2016-01-25,3937.0,3802.011342099077,3217.544431586848,4425.736145747461,134.98865790092304,1208.1917141606127,No
2016-01-26,4031.0,3837.5130721162536,3266.688465305841,4436.402893892471,193.48692788374638,1169.7144285866302,No
2016-01-27,3631.0,3839.089750577101,3248.049586724557,4464.887728854502,-208.08975057710086,1216.838142129945,No
2016-01-28,3880.0,3629.261879406165,3013.594125777032,4219.682696517557,250.738120593835,1206.088570740525,No
2016-01-29,3452.0,3327.3850738900755,2735.755429568823,3934.515086570365,124.61492610992445,1198.759657001542,No
2016-01-30,1737.0,1772.4512777724751,1143.6488739373706,2334.499150020084,-35.45127777247512,1190.8502760827134,No
2016-01-31,1159.0,1950.6864525329363,1387.0933070033443,2567.908858413919,-791.6864525329363,1180.8155514105747,No
2016-02-01,3718.0,3604.898943058945,3007.239653844984,4199.168923644639,113.10105694105505,1191.9292697996552,No
2016-02-02,3670.0,3604.196947836217,2960.215243499763,4208.689181260339,65.80305216378292,1248.473937760576,No
2016-02-03,3823.0,3498.635015544744,2878.8453692446387,4079.021224264373,324.36498445525604,1200.1758550197342,No
2016-02-04,3814.0,3729.714326632526,3082.2956537325026,4290.026444184673,84.28567336747392,1207.7307904521704,No
2016-02-05,3435.0,3225.2551988476785,2625.3510784831687,3816.787014625592,209.74480115232154,1191.435936142423,No
2016-02-06,1294.0,1936.5620463031455,1337.384869029455,2485.059444238588,-642.5620463031455,1147.674575209133,No
2016-02-07,1684.0,1933.373269279582,1341.0307559919554,2490.8463440535475,-249.37326927958202,1149.815588061592,No
2016-02-08,3577.0,3630.58538078517,3022.23333377039,4221.510749345218,-53.585380785169946,1199.277415574828,No
2016-02-09,3851.0,3728.400230801372,3142.8307797602647,4299.924211330054,122.59976919862811,1157.0934315697896,No
2016-02-10,3455.0,3752.1037349646135,3131.2118660716865,4361.396407814672,-297.1037349646135,1230.1845417429854,No
2016-02-11,3881.0,3723.321532409693,3154.209179986457,4329.84553094329,157.6784675903068,1175.6363509568332,No
2016-02-12,3501.0,3142.989715970033,2534.9790345016336,3797.531357841512,358.0102840299669,1262.5523233398785,No
2016-02-13,834.0,1666.2811354384116,1071.3205749684378,2262.464890515146,-832.2811354384116,1191.1443155467084,No
2016-02-14,1443.0,1770.7033732107916,1199.7243047832485,2359.6650959015446,-327.7033732107916,1159.9407911182961,No
2016-02-15,3352.0,3350.387903687373,2777.7249932211016,3941.1720688340447,1.612096312626818,1163.447075612943,No
2016-02-16,3552.0,3601.873102744449,2989.839447057792,4199.021238882358,-49.87310274444917,1209.1817918245665,No
2016-02-17,3635.0,3438.558935232037,2830.1121955531294,4032.302361889199,196.44106476796287,1202.1901663360695,No
2016-02-18,3380.0,3442.092202159273,2817.541221329013,4050.748657106493,-62.0922021592728,1233.20743577748,No
2016-02-19,3214.0,3146.9862990870206,2528.331380589169,3723.039337494529,67.0137009129794,1194.7079569053599,No
2016-02-20,1350.0,1778.9574930127978,1154.7514263991577,2338.8105396431342,-428.95749301279784,1184.0591132439765,No
2016-02-21,1504.0,1964.3412170929691,1338.201778509744,2571.4836660002584,-460.34121709296915,1233.2818874905145,No
2016-02-22,3199.0,3406.668834858297,2789.0464980099823,4021.796590941651,-207.66883485829703,1232.7500929316689,No
2016-02-23,4051.0,3449.298635155954,2831.65271102422,4060.9195149144666,601.7013648440461,1229.2668038902466,No
2016-02-24,4019.0,3330.6430120016967,2720.272501777103,3925.3190384563577,688.3569879983033,1205.0465366792546,No
2016-02-25,3867.0,3301.93938911435,2713.93733437574,3915.3857653138143,565.06061088565,1201.4484309380741,No
2016-02-26,3477.0,3085.74719755539,2482.7180321792816,3682.830226709096,391.2528024446101,1200.1121945298146,No
2016-02-27,1353.0,1614.524081989997,986.2734970091578,2263.1345524284397,-261.52408198999706,1276.861055419282,No
2016-02-28,1445.0,1925.2650484963056,1334.28577812779,2488.3801918057684,-480.26504849630555,1154.0944136779783,No
2016-02-29,3775.0,3632.298312321016,3009.6582921641657,4214.38550864949,142.70168767898394,1204.7272164853239,No
2016-03-01,3514.0,3778.2422888301553,3172.01493088132,4407.386893380797,-264.2422888301553,1235.371962499477,No
2016-03-02,3542.0,3637.896126829663,3056.76873300966,4233.622031750623,-95.89612682966299,1176.853298740963,No
2016-03-03,3794.0,3693.7085161758496,3037.781941656876,4277.35404020381,100.29148382415042,1239.5720985469338,No
2016-03-04,3530.0,3298.7004149859395,2712.78442578203,3955.222029675922,231.29958501406054,1242.4376038938917,No
2016-03-05,1083.0,1788.0190495512325,1194.6733043979864,2351.6670432608976,-705.0190495512325,1156.9937388629112,No
2016-03-06,1434.0,1847.104937661852,1227.5991478358997,2446.494150726709,-413.1049376618521,1218.8950028908093,No
2016-03-07,3690.0,3470.6558138211685,2864.780677827933,4086.40814365623,219.34418617883148,1221.6274658282973,No
2016-03-08,3878.0,3797.788767456192,3169.870503558331,4390.612368168477,80.21123254380791,1220.7418646101455,No
2016-03-09,2888.0,3759.626553848117,3165.346961588326,4358.966835242248,-871.626553848117,1193.6198736539218,No
2016-03-10,3518.0,3680.18415471624,3082.988397733799,4270.138875487411,-162.18415471623985,1187.1504777536115,No
2016-03-11,3472.0,3374.939110377835,2795.618469662115,3951.004613743628,97.06088962216518,1155.386144081513,No
2016-03-12,2302.0,1961.5515531016165,1346.3136894875668,2547.9201636555517,340.4484468983835,1201.606474167985,No
2016-03-13,2511.0,1989.9511181970645,1385.3811504247622,2558.022658079077,521.0488818029355,1172.6415076543146,No
2016-03-14,3674.0,3727.002707432727,3118.7774565460622,4352.997441768777,-53.00270743272722,1234.219985222715,No
2016-03-15,3952.0,3844.71263901704,3229.328920120944,4486.535474727163,107.28736098295985,1257.206554606219,No
2016-03-16,3979.0,3837.3289491908154,3194.844206788194,4444.431917166403,141.67105080918463,1249.587710378209,No
2016-03-17,3948.0,3856.9747364962495,3288.148378288466,4420.812140597495,91.02526350375047,1132.6637623090292,No
2016-03-18,3406.0,3329.3223929890614,2719.2869326487694,3929.0587793658897,76.67760701093857,1209.7718467171203,No
2016-03-19,1629.0,1919.0913281193325,1316.5610985826163,2555.31194618935,-290.0913281193325,1238.7508476067335,No
2016-03-20,1659.0,2013.5958443861732,1392.173534867142,2596.575852053998,-354.5958443861732,1204.402317186856,No
2016-03-21,3643.0,3633.843887180183,3035.792361146544,4256.634307766341,9.156112819816826,1220.8419466197975,No
2016-03-22,4124.0,3876.052967944212,3285.52186809405,4453.738967587567,247.947032055788,1168.2170994935163,No
2016-03-23,4093.0,3570.3772171671835,2972.843299062476,4174.584988231764,522.6227828328165,1201.7416891692883,No
2016-03-24,3588.0,3554.6384854917,2955.837360258442,4165.220147892448,33.36151450829993,1209.382787634006,No
2016-03-25,2886.0,2619.1062850593667,2034.1521171391264,3202.838714558626,266.89371494063334,1168.6865974194998,No
2016-03-26,1144.0,1780.685374737307,1168.392299116141,2342.6451036231424,-636.685374737307,1174.2528045070014,No
2016-03-27,1109.0,1618.1959883230577,1014.1222927355788,2187.239023977924,-509.1959883230577,1173.116731242345,No
2016-03-28,1589.0,1899.267290045533,1293.7527338939096,2508.3239209056883,-310.26729004553295,1214.5711870117786,No
2016-03-29,3126.0,3510.208558581733,2891.642825092193,4091.4993910258186,-384.2085585817331,1199.8565659336255,No
2016-03-30,3572.0,3493.29434758,2878.382728610109,4097.280614915568,78.7056524200002,1218.8978863054585,No
2016-03-31,3635.0,3432.3677229611585,2862.2137832618305,4035.954973872126,202.6322770388415,1173.7411906102957,No
2016-04-01,3485.0,3142.042151537681,2561.678477594633,3739.4167336321166,342.9578484623189,1177.7382560374836,No
2016-04-02,3201.0,1846.4849323850733,1235.1016840685018,2463.0266895367663,1354.5150676149267,1227.9250054682645,No
2016-04-03,2985.0,2094.5219803759983,1493.3448773573418,2676.2484542254965,890.4780196240017,1182.9035768681547,No
2016-04-04,3639.0,3526.468015375769,2924.732960089258,4082.2414003443087,112.53198462423097,1157.5084402550506,No
2016-04-05,4061.0,3876.0503625048273,3283.224510895853,4487.114419302136,184.94963749517274,1203.8899084062832,No
2016-04-06,3221.0,3744.4149205785375,3116.723974623209,4347.915242502276,-523.4149205785375,1231.1912678790668,No
2016-04-07,2358.0,3647.9154658697657,3035.043798951231,4261.014526223723,-1289.9154658697657,1225.9707272724918,No
2016-04-08,3526.0,3488.472903657673,2836.9934197652387,4093.025154660784,37.527096342326786,1256.0317348955455,No
2016-04-09,1938.0,1960.145953296584,1385.19999914796,2560.5192318980367,-22.14595329658391,1175.3192327500767,No
2016-04-10,2561.0,2061.139793962609,1426.2243535269497,2661.1638695717834,499.860206037391,1234.9395160448337,No
2016-04-11,3892.0,3852.23636650644,3242.317950243405,4435.637627899065,39.763633493560064,1193.3196776556597,No
2016-04-12,4135.0,4273.08761904814,3684.3023714896703,4905.920111450213,-138.08761904814037,1221.6177399605426,No
2016-04-13,4406.0,4249.029053569439,3658.975840661964,4854.090147836703,156.97094643056062,1195.1143071747392,No
2016-04-14,4358.0,4264.61944214524,3623.454796618757,4878.605116252784,93.3805578547599,1255.1503196340268,No
2016-04-15,3054.0,3658.06225917983,3063.945220170436,4231.34877535145,-604.0622591798301,1167.4035551810139,No
2016-04-16,1513.0,2022.4054522686065,1409.668039549332,2663.837153495768,-509.4054522686065,1254.1691139464358,No
2016-04-17,2761.0,2281.1784253791247,1684.683043550143,2911.2616461893194,479.82157462087525,1226.5786026391763,No
2016-04-18,4163.0,3961.690881116326,3368.9351393361558,4573.650143605576,201.30911888367382,1204.7150042694202,No
2016-04-19,4486.0,4398.524905794799,3794.899398383861,4991.073396599339,87.47509420520055,1196.1739982154777,No
2016-04-20,4646.0,4257.095955961865,3668.32503317889,4815.740884580311,388.904044038135,1147.4158514014212,No
2016-04-21,4255.0,4369.484009587196,3730.446370275551,4949.869252310377,-114.48400958719594,1219.4228820348262,No
2016-04-22,3908.0,3782.891654067259,3186.3485066576145,4381.833300965051,125.10834593274103,1195.484794307437,No
2016-04-23,1946.0,2312.338197193776,1705.4017916406428,2886.561864586138,-366.33819719377607,1181.1600729454954,No
2016-04-24,1881.0,2310.5533405340234,1666.8044653285026,2915.962568746584,-429.5533405340234,1249.1581034180815,No
2016-04-25,3942.0,4064.0465056668,3443.74710926754,4670.75913030685,-122.04650566679993,1227.0120210393102,No
2016-04-26,4413.0,4191.487298457169,3606.352627854333,4764.839629860692,221.51270154283065,1158.487002006359,No
2016-04-27,4294.0,4119.570378460023,3525.1958220735382,4740.83006292234,174.42962153997723,1215.6342408488022,No
2016-04-28,4170.0,4159.451035917163,3586.1512771554303,4746.260523679994,10.548964082837301,1160.1092465245633,No
2016-04-29,3669.0,3680.209331619467,3084.658256099788,4250.99449900792,-11.209331619466866,1166.3362429081321,No
2016-04-30,2253.0,2315.252104486865,1712.0179265373554,2905.5827812542625,-62.25210448686494,1193.5648547169071,No
2016-05-01,3205.0,2591.6366726830342,1974.227508204477,3184.670695086615,613.3633273169658,1210.443186882138,No
2016-05-02,2283.0,2791.8480048228157,2173.8829672965207,3398.6285747847505,-508.8480048228157,1224.7456074882298,No
2016-05-03,4298.0,4324.960061540418,3730.6949382857215,4970.277234991965,-26.960061540417882,1239.5822967062436,No
2016-05-04,4743.0,4473.521897662649,3910.114195969606,5057.001083956446,269.4781023373507,1146.8868879868396,No
2016-05-05,4836.0,4603.630432689078,4002.873491067015,5186.707277542016,232.36956731092232,1183.8337864750006,No
2016-05-06,4493.0,4305.770339307191,3697.661036286371,4881.4619881406325,187.22966069280938,1183.8009518542613,No
2016-05-07,4015.0,3026.8227513086053,2429.2560287781102,3619.576697550596,988.1772486913947,1190.3206687724855,No
2016-05-08,4341.0,3288.5022906890235,2717.894132262508,3949.847341546329,1052.4977093109765,1231.9532092838213,No
2016-05-09,4713.0,4762.94364940402,4171.012309191036,5379.237270893841,-49.94364940402011,1208.2249617028046,No
2016-05-10,2969.0,4604.62365001402,3996.5566341475087,5160.3873578778375,-1635.6236500140203,1163.8307237303288,No
2016-05-11,4162.0,4664.102432149717,4078.35087211008,5286.626507027072,-502.10243214971706,1208.2756349169917,No
2016-05-12,4648.0,4944.449872300696,4369.525900872235,5565.915765644482,-296.44987230069637,1196.3898647722472,No
2016-05-13,4356.0,4174.49845942509,3581.218339408763,4771.134459705471,181.50154057491,1189.9161202967084,No
2016-05-14,2827.0,2412.953683830772,1825.4991988206464,3003.067836879932,414.0463161692278,1177.5686380592858,No
2016-05-15,3343.0,2731.8427360314013,2147.752394259032,3342.664472889391,611.1572639685987,1194.9120786303592,No
2016-05-16,4629.0,4489.200848979345,3867.215030565581,5055.032891167271,139.7991510206548,1187.8178606016904,No
2016-05-17,5322.0,4620.081485514176,4017.524930373861,5239.769006140596,701.9185144858238,1222.2440757667346,No
2016-05-18,4221.0,4307.966811495616,3707.786047729699,4911.873510616105,-86.96681149561573,1204.0874628864058,No
2016-05-19,4603.0,4582.340754337275,3964.772236509441,5170.214048167516,20.65924566272497,1205.441811658075,No
2016-05-20,4316.0,4299.485320879195,3697.9880974997577,4869.993167039356,16.51467912080534,1172.0050695395985,No
2016-05-21,2457.0,2747.036626765876,2149.3866432682685,3349.997754188125,-290.036626765876,1200.6111109198564,No
2016-05-22,3153.0,2896.378149880072,2272.0276732096736,3468.17538045817,256.6218501199278,1196.1477072484963,No
2016-05-23,4640.0,4513.46675945837,3919.740594945992,5117.355027014935,126.53324054163022,1197.6144320689432,No
2016-05-24,4935.0,4586.812878223838,3991.975720670271,5220.394617562862,348.1871217761618,1228.4188968925905,No
2016-05-25,4600.0,4226.268216498036,3625.5225264106166,4830.998112453059,373.73178350196395,1205.475586042442,No
2016-05-26,4704.0,4612.312588818307,4049.8508353193006,5231.460416383673,91.68741118169328,1181.6095810643724,No
2016-05-27,4057.0,4208.914044089942,3596.045058093721,4822.39500261096,-151.91404408994185,1226.3499445172388,No
2016-05-28,2965.0,2554.6745090527597,1919.948314800638,3127.523846631223,410.32549094724027,1207.575531830585,No
2016-05-29,2900.0,2428.6655949122564,1841.6931578176448,3049.3505295640025,471.33440508774356,1207.6573717463577,No
2016-05-30,2224.0,2204.922936857836,1586.1140362495814,2779.7291090283334,19.077063142164207,1193.615072778752,No
2016-05-31,2706.0,3510.768626826867,2897.629997789301,4078.8067285818647,-804.7686268268671,1181.1767307925638,No
2016-06-01,3582.0,3898.763178120415,3302.5942896543725,4516.819096151276,-316.763178120415,1214.224806496904,No
2016-06-02,3888.0,3913.410870993039,3324.3590324549805,4517.002532274621,-25.410870993039225,1192.643499819641,No
2016-06-03,3555.0,3676.633978061144,3082.5286131204334,4309.97888806763,-121.63397806114381,1227.4502749471962,No
2016-06-04,2620.0,2666.4987236795214,2063.1524760530256,3226.417869523857,-46.49872367952139,1163.2653934708314,No
2016-06-05,3863.0,3120.759822397342,2472.76375817818,3719.293881661136,742.2401776026582,1246.5301234829558,No
2016-06-06,4752.0,4703.902748384508,4083.36330435633,5300.05029352656,48.09725161549159,1216.6869891702304,No
2016-06-07,4984.0,4977.88866861413,4398.215221127537,5599.283253921588,6.111331385869562,1201.0680327940509,No
2016-06-08,4672.0,5035.425364523042,4428.493072745263,5603.300099870412,-363.42536452304194,1174.807027125149,No
2016-06-09,4753.0,4729.43678924469,4111.415938544124,5355.43042785773,23.563210755310138,1244.0144893136057,No
2016-06-10,4421.0,4518.365567664381,3940.991590289137,5126.096853940881,-97.36556766438116,1185.1052636517443,No
2016-06-11,2813.0,2956.034977341428,2379.448670997004,3548.1194917427383,-143.0349773414282,1168.6708207457345,No
2016-06-12,1788.0,2862.8934906351105,2246.601424672294,3456.9779894037,-1074.8934906351105,1210.3765647314062,No
2016-06-13,4305.0,4365.219815510933,3760.201913094976,4956.823027216656,-60.219815510932676,1196.6211141216795,No
2016-06-14,4469.0,4521.990457976449,3949.2203520758985,5077.578323197499,-52.99045797644885,1128.3579711216007,No
2016-06-15,4818.0,4486.698151870539,3904.17955828696,5132.636573699226,331.3018481294612,1228.4570154122657,No
2016-06-16,3939.0,4393.823617658151,3743.530791008512,4979.641849288705,-454.8236176581513,1236.111058280193,No
2016-06-17,3816.0,3933.11222181066,3335.0840345902748,4549.064930732384,-117.11222181065978,1213.980896142109,No
2016-06-18,2582.0,2266.01122318953,1696.3799794058548,2848.3268853625973,315.98877681047,1151.9469059567425,No
2016-06-19,3359.0,2596.906948586144,2013.030379620892,3197.927223324375,762.0930514138558,1184.896843703483,No
2016-06-20,3735.0,4312.482043229633,3755.7938588867,4905.094148959632,-577.4820432296328,1149.3002900729316,No
2016-06-21,4908.0,4467.926548458969,3875.496806941997,5070.907497198789,440.0734515410313,1195.4106902567923,No
2016-06-22,4455.0,4502.9791744288805,3901.7122782075016,5074.37072570026,-47.97917442888047,1172.6584474927581,No
2016-06-23,2865.0,4421.547676471846,3805.464073246698,4980.532092714207,-1556.547676471846,1175.0680194675087,No
2016-06-24,3966.0,4040.227389850695,3400.8612171169025,4649.933527202572,-74.22738985069509,1249.0723100856694,No
2016-06-25,2524.0,2453.606144436493,1833.9935408499364,3017.623174282605,70.3938555635068,1183.6296334326685,No
2016-06-26,3148.0,2546.4931250113477,1946.262837869143,3144.997749791613,601.5068749886523,1198.73491192247,No
2016-06-27,4248.0,4282.861023225748,3655.777854066381,4885.377995430551,-34.861023225747886,1229.6001413641698,No
2016-06-28,4876.0,4522.582491502604,3908.8412081264514,5103.449597634878,353.41750849739583,1194.6083895084266,No
2016-06-29,4731.0,4321.025655558499,3776.224852769285,4910.449362906338,409.97434444150076,1134.2245101370531,No
2016-06-30,4444.0,4483.934480390473,3895.153776932976,5094.417123015412,-39.934480390473254,1199.2633460824354,No
2016-07-01,3129.0,4151.717281515901,3518.9703123720205,4750.664606730296,-1022.717281515901,1231.6942943582758,No
2016-07-02,3096.0,2737.721463182715,2176.7431192441736,3298.918259827887,358.27853681728493,1122.1751405837135,No
2016-07-03,3055.0,2903.6991444189493,2309.648281991936,3498.6831997982,151.30085558105066,1189.0349178062638,No
2016-07-04,4493.0,4642.809110362014,4057.027656294178,5254.867937853716,-149.8091103620136,1197.8402815595382,No
2016-07-05,4919.0,4903.751404388617,4344.429596615253,5521.347074451388,15.24859561138328,1176.9174778361348,No
2016-07-06,5064.0,4989.061701450335,4365.864720924156,5619.585267448409,74.93829854966498,1253.7205465242523,No
2016-07-07,4911.0,5053.560566257333,4462.96121625109,5646.742442498892,-142.56056625733345,1183.781226247802,No
2016-07-08,4186.0,4691.365982492641,4097.59788401601,5268.387993782719,-505.3659824926408,1170.790109766709,No
2016-07-09,3031.0,3290.906091566437,2664.278316367871,3901.920763495012,-259.9060915664372,1237.6424471271412,No
2016-07-10,2774.0,3261.3450614520552,2677.682701554147,3872.458375726751,-487.34506145205523,1194.7756741726039,No
2016-07-11,4246.0,4791.363830667643,4188.598767125802,5343.641305091334,-545.363830667643,1155.0425379655326,No
2016-07-12,4926.0,4829.462542530833,4207.967908482013,5445.262551116067,96.53745746916684,1237.294642634054,No
2016-07-13,4698.0,4726.222467299382,4118.14506163223,5322.631951188165,-28.222467299381606,1204.4868895559348,No
2016-07-14,4691.0,4746.38444067522,4157.003843430402,5327.696851470847,-55.384440675219594,1170.6930080404445,No
2016-07-15,4150.0,4258.442777592559,3655.983004770416,4859.987609732294,-108.44277759255874,1204.0046049618782,No
2016-07-16,3573.0,3131.3640932057992,2526.960159120178,3724.7998860008574,441.63590679420076,1197.8397268806793,No
2016-07-17,3267.0,3204.089004619935,2600.9242706098844,3788.082861979135,62.91099538006483,1187.1585913692506,No
2016-07-18,5112.0,4920.57962980164,4326.904001490951,5530.007192990889,191.4203701983597,1203.1031914999385,No
2016-07-19,5304.0,5252.59209636287,4651.702446307358,5834.884838443615,51.4079036371304,1183.1823921362575,No
2016-07-20,5046.0,5076.157968341503,4464.663778661855,5690.403333764268,-30.157968341502965,1225.7395551024129,No
2016-07-21,4733.0,4695.368392132576,4048.8745072356223,5262.714380389256,37.631607867423554,1213.8398731536336,No
2016-07-22,3731.0,4280.251855414663,3680.0364149936936,4890.485877994668,-549.2518554146627,1210.4494630009744,No
2016-07-23,3451.0,2983.4116909605127,2345.744921582533,3600.517054713609,467.5883090394873,1254.7721331310759,No
2016-07-24,3607.0,2900.09003406361,2284.593521948777,3510.597713668999,706.9099659363901,1226.004191720222,No
2016-07-25,4825.0,4629.218354231299,4022.960969304892,5216.612132418256,195.7816457687013,1193.651163113364,No
2016-07-26,4803.0,4770.634360343229,4184.387578890887,5419.308820938094,32.365639656771236,1234.9212420472068,No
2016-07-27,4319.0,4874.980774074514,4246.978098482499,5481.487089408975,-555.9807740745136,1234.5089909264761,No
2016-07-28,4593.0,4821.023542602539,4267.815407502919,5415.66898139245,-228.02354260253924,1147.8535738895316,No
2016-07-29,3907.0,4516.046039718317,3932.621882262293,5116.981955758578,-609.0460397183169,1184.3600734962847,No
2016-07-30,4214.0,3022.4170075352054,2397.108470053657,3638.0055247275336,1191.5829924647946,1240.8970546738765,No
2016-07-31,4100.0,3098.276115371567,2490.28277601438,3669.227437814332,1001.7238846284331,1178.944661799952,No
2016-08-01,4299.0,4609.807175652672,3976.742433728176,5204.637819355349,-310.8071756526724,1227.8953856271733,No
2016-08-02,3960.0,5024.141490289696,4481.852998400808,5630.356924443091,-1064.1414902896959,1148.5039260422827,No
2016-08-03,4712.0,5040.113333814379,4442.70779186816,5624.121384681544,-328.1133338143791,1181.4135928133846,No
2016-08-04,4614.0,4987.6151980637205,4399.016722409052,5581.166183869369,-373.6151980637205,1182.149461460317,No
2016-08-05,4467.0,4694.239845010837,4115.719240771868,5295.644252425309,-227.2398450108367,1179.9250116534413,No
2016-08-06,3678.0,3274.585572356696,2717.7249328334938,3873.983669126085,403.41442764330395,1156.258736292591,No
2016-08-07,3555.0,3396.494410408202,2843.5573304997256,3987.7403272378046,158.50558959179807,1144.182996738079,No
2016-08-08,4714.0,4656.078661539715,4075.5148292338495,5269.73849230864,57.92133846028537,1194.2236630747907,No
2016-08-09,4666.0,4814.685161667018,4259.045204408866,5444.346551155101,-148.6851616670183,1185.3013467462351,No
2016-08-10,4505.0,4714.501021942982,4140.572735643231,5331.797488241672,-209.50102194298233,1191.2247525984412,No
2016-08-11,4334.0,4879.387526638731,4311.828203422223,5492.261437973717,-545.3875266387313,1180.433234551494,No
2016-08-12,4377.0,4807.419724579407,4209.766077203094,5385.316314886456,-430.41972457940665,1175.550237683362,No
2016-08-13,3935.0,3117.381731698189,2519.2345837630355,3713.120169157367,817.618268301811,1193.8855853943314,No
2016-08-14,4101.0,3026.341738544549,2433.6566441862105,3663.062932307664,1074.6582614554509,1229.4062881214536,No
2016-08-15,5186.0,4673.90005675856,4082.346863932587,5294.707393158055,512.0999432414401,1212.3605292254683,No
2016-08-16,4775.0,4808.075915486138,4173.248521573305,5453.8942050881415,-33.075915486138,1280.6456835148365,No
2016-08-17,5038.0,4836.367075364115,4236.210201648362,5420.919547524091,201.6329246358846,1184.709345875729,No
2016-08-18,4533.0,4763.29354286052,4137.941727215302,5339.720232862995,-230.29354286051966,1201.7785056476923,No
2016-08-19,2928.0,3978.101843398965,3380.4143059362023,4564.481880614515,-1050.1018433989648,1184.0675746783127,No
2016-08-20,2523.0,2476.2258447543504,1854.888802335796,3077.6025793715485,46.77415524564958,1222.7137770357524,No
2016-08-21,2906.0,2581.3725116631213,1982.874291807496,3194.165228893799,324.62748833687874,1211.2909370863028,No
2016-08-22,4567.0,4458.988392714265,3879.472964182317,5061.992197954837,108.01160728573541,1182.5192337725202,No
2016-08-23,5008.0,4903.64713940591,4269.298428335303,5470.334125273331,104.35286059409009,1201.0356969380282,No
2016-08-24,4984.0,4957.348239349825,4345.280870364123,5572.755747688215,26.651760650174765,1227.4748773240917,No
2016-08-25,4341.0,4611.163082476436,4056.114151232445,5212.598865876558,-270.1630824764361,1156.4847146441134,No
2016-08-26,4186.0,4211.823635436727,3644.746989211083,4789.471194586723,-25.823635436727272,1144.72420537564,No
2016-08-27,2834.0,2594.0783628914346,1989.278169116464,3237.306113285588,239.9216371085654,1248.0279441691239,No
2016-08-28,2219.0,2543.065848992704,1932.027739491771,3138.1444783767024,-324.0658489927041,1206.1167388849315,No
2016-08-29,3100.0,2602.8770970149453,2022.482030760076,3233.8905988064366,497.1229029850547,1211.4085680463606,No
2016-08-30,4889.0,4961.836956372943,4399.728930017072,5554.211601659298,-72.83695637294295,1154.4826716422258,No
2016-08-31,4807.0,4867.358103750032,4269.825122074011,5448.745609831005,-60.35810375003166,1178.9204877569937,No
2016-09-01,4690.0,4554.059141707509,3916.24226776094,5154.529173505622,135.9408582924907,1238.2869057446815,No
2016-09-03,2709.0,2553.5302776413228,1976.0536342469256,3142.0581800618347,155.46972235867725,1166.004545814909,No
2016-09-04,2425.0,2628.76163431472,2017.0804077045211,3246.194658861428,-203.76163431472014,1229.1142511569067,No
2016-09-05,4014.0,4580.687764534531,3943.496632740175,5206.648970133363,-566.6877645345312,1263.1523373931882,No
2016-09-06,4787.0,4917.44262485618,4293.50575621981,5476.061728460657,-130.44262485618037,1182.555972240847,No
2016-09-07,4843.0,5178.091348254589,4565.036729336283,5849.154378803848,-335.0913482545893,1284.1176494675647,No
2016-09-08,5027.0,4946.987422615243,4365.632820903088,5570.381713577509,80.0125773847567,1204.7488926744209,No
2016-09-09,4596.0,4425.621109336795,3828.950809011252,5041.930434908871,170.3788906632053,1212.9796258976185,No
2016-09-10,1627.0,2885.218371880312,2249.9447545028893,3453.3648928541143,-1258.2183718803121,1203.420138351225,No
2016-09-11,4055.0,3011.56103207928,2462.155526818643,3586.9551762127003,1043.4389679207202,1124.7996493940573,No
2016-09-12,4924.0,4930.803476312639,4342.92341333775,5514.193741674537,-6.80347631263885,1171.2703283367864,No
2016-09-13,5342.0,5599.797123854566,4932.804582722189,6195.904473075014,-257.79712385456605,1263.0998903528252,No
2016-09-14,5422.0,5156.142898339623,4564.077983285669,5794.487438919765,265.85710166037734,1230.409455634096,No
2016-09-15,5295.0,5296.686436979844,4692.071491238939,5918.659229599544,-1.6864369798440748,1226.5877383606048,No
2016-09-16,3467.0,4234.91498175064,3609.289842041548,4820.254252175249,-767.9149817506404,1210.9644101337012,No
2016-09-17,2556.0,2460.851841024203,1908.9851689634984,3082.851178580249,95.14815897579683,1173.8660096167505,No
2016-09-18,2826.0,2753.799658997068,2161.416991237803,3363.6047607135533,72.20034100293196,1202.1877694757504,No
2016-09-19,4708.0,4580.030910829838,3962.152747726952,5200.323598317564,127.96908917016208,1238.1708505906117,No
2016-09-20,4934.0,4728.329362933207,4138.996355933333,5312.412600631024,205.67063706679255,1173.4162446976916,No
2016-09-21,5188.0,4948.055133037288,4340.147514035286,5566.750591124916,239.94486696271179,1226.6030770896305,No
2016-09-22,4992.0,4808.608916724777,4159.542990485581,5405.24093611689,183.39108327522263,1245.6979456313093,No
2016-09-23,4533.0,4447.578917100894,3820.4347115896217,5067.26865219847,85.4210828991063,1246.833940608848,No
2016-09-24,3434.0,3182.232792581549,2564.162314281862,3734.831380235732,251.7672074184511,1170.66906595387,No
2016-09-25,2901.0,3060.2574197997938,2439.4739811213326,3656.973405594664,-159.25741979979375,1217.4994244733316,No
2016-09-26,4525.0,4715.420649852982,4104.894923473877,5342.395881394664,-190.42064985298202,1237.5009579207872,No
2016-09-27,5023.0,5005.007035368491,4442.133746631096,5590.85776639342,17.992964631508585,1148.7240197623241,No
2016-09-28,4967.0,5189.852007355708,4574.8736447540905,5798.235293392816,-222.85200735570834,1223.3616486387255,No
2016-09-29,4775.0,4943.517324750286,4361.027920133865,5530.090201091617,-168.5173247502862,1169.0622809577517,No
2016-09-30,4551.0,4476.754971583846,3897.93533142173,5048.552030268654,74.24502841615413,1150.6166988469236,No
2016-10-01,1969.0,2719.627342287948,2105.797004237249,3275.196630286633,-750.6273422879481,1169.399626049384,No
2016-10-02,2696.0,2903.07637827134,2321.80468562699,3480.055278246453,-207.07637827134022,1158.250592619463,No
2016-10-03,4652.0,4692.707875254506,4100.349678866824,5272.299358402535,-40.70787525450578,1171.9496795357109,No
2016-10-04,5117.0,4893.941348759976,4276.145593253821,5489.895732299938,223.05865124002412,1213.7501390461166,No
2016-10-05,5322.0,4768.943490929508,4147.451492874011,5368.626183224307,553.0565090704922,1221.1746903502963,No
2016-10-06,5033.0,4719.988648868354,4127.534340386333,5335.890997021945,313.0113511316458,1208.3566566356121,No
2016-10-07,4543.0,4352.152309230452,3755.504675193213,4966.33515585745,190.84769076954763,1210.8304806642373,No
2016-10-08,2515.0,2919.502939471657,2306.832255410227,3504.4437854178746,-404.5029394716571,1197.6115300076476,No
2016-10-09,2875.0,2954.6641685455847,2346.586504223355,3537.931514364407,-79.66416854558474,1191.3450101410522,No
2016-10-10,4689.0,4584.132322394153,4018.216269136856,5143.360611571151,104.86767760584735,1125.1443424342947,No
2016-10-11,4986.0,4934.323827621175,4324.328962330389,5560.466710851114,51.67617237882496,1236.137748520725,No
2016-10-12,4541.0,4835.220898358659,4257.426773786066,5433.8416484417885,-294.2208983586588,1176.414874655722,No
2016-10-13,4196.0,4691.483898481535,4092.067712902307,5251.119398659251,-495.4838984815351,1159.0516857569437,No
2016-10-14,4312.0,4311.796379186743,3706.459331108938,4892.612897926257,0.20362081325674808,1186.1535668173187,No
2016-10-15,2742.0,2887.3633658369413,2293.749236122302,3528.679745488132,-145.36336583694128,1234.93050936583,No
2016-10-16,2055.0,2899.4463210214044,2314.1667960032364,3517.913735534208,-844.4463210214044,1203.7469395309718,No
2016-10-17,4492.0,4550.6891649380605,3967.9760162114007,5084.881451531499,-58.68916493806046,1116.9054353200981,No
2016-10-18,4702.0,4497.610066807751,3881.4977098438576,5085.6609075252245,204.38993319224937,1204.163197681367,No
2016-10-19,4975.0,4385.052131572169,3780.095124720884,5007.407390731392,589.947868427831,1227.3122660105082,No
2016-10-20,4693.0,4322.315174304358,3699.138436957937,4868.282135704864,370.68482569564185,1169.1436987469274,No
2016-10-21,4253.0,3851.2045351893153,3256.74423005372,4501.268445195076,401.79546481068473,1244.5242151413563,No
2016-10-22,2513.0,2327.513366605402,1720.625153316474,2933.9448573242794,185.4866333945979,1213.3197040078053,No
2016-10-23,2435.0,2336.946740929459,1745.482391052641,2939.4489068008343,98.05325907054112,1193.9665157481932,No
2016-10-24,3985.0,4143.446169552292,3536.798474106071,4760.006719478421,-158.4461695522923,1223.2082453723497,No
2016-10-25,4560.0,4384.831610457311,3733.353765617162,4956.230598437606,175.1683895426886,1222.8768328204442,No
2016-10-26,4540.0,4532.856825924403,3903.652330134507,5104.288977398399,7.143174075597017,1200.636647263892,No
2016-10-27,4357.0,4518.751620739057,3919.9230862162008,5084.961160754209,-161.75162073905722,1165.0380745380085,No
2016-10-28,4045.0,4177.085112532592,3591.720368455105,4786.869183164673,-132.08511253259167,1195.148814709568,No
2016-10-29,2595.0,2619.056498205088,2016.9640268659944,3244.506627056771,-24.05649820508779,1227.5426001907765,No
2016-10-30,2247.0,2501.513499656787,1906.0279039601155,3075.169853468666,-254.5134996567872,1169.1419495085506,No
2016-10-31,4460.0,4493.373864447411,3873.5301538147855,5089.634080752332,-33.3738644474106,1216.1039269375465,No
2016-11-01,4951.0,4415.402295721274,3820.268715710381,5031.613104726784,535.5977042787263,1211.3443890164026,No
2016-11-02,4783.0,4188.089597649326,3583.521806065896,4852.6698735772825,594.9104023506743,1269.1480675113867,No
2016-11-03,4656.0,4156.175620500429,3576.8082460503147,4764.92416557925,499.82437949957057,1188.1159195289356,No
2016-11-04,4163.0,3724.6755732661154,3102.986585402979,4319.36378165956,438.3244267338846,1216.377196256581,No
2016-11-05,1761.0,2053.044046879577,1459.600935715559,2671.004790359392,-292.04404687957685,1211.4038546438328,No
2016-11-06,1507.0,1936.9618428284557,1329.082948363566,2555.8304773642885,-429.9618428284557,1226.7475290007226,No
2016-11-07,2905.0,3689.7861271473207,3065.419023059085,4297.42207438271,-784.7861271473207,1232.0030513236252,No
2016-11-08,4188.0,3687.3939712797896,3074.9841719370856,4249.26629684168,500.60602872021036,1174.2821249045942,No
2016-11-09,2704.0,3768.887730413881,3182.831343804728,4401.599175548407,-1064.887730413881,1218.7678317436794,No
2016-11-10,4289.0,3834.470403467043,3236.092447338609,4440.782130184047,454.52959653295693,1204.6896828454378,No
2016-11-11,3971.0,3437.040710331721,2833.898249056449,4033.917115316827,533.9592896682789,1200.0188662603782,No
2016-11-12,765.0,1906.2993726915888,1276.9138021247957,2521.6044832957364,-1141.2993726915888,1244.6906811709407,No
2016-11-13,2040.0,2008.075521546673,1403.8118746101447,2609.105209267232,31.924478453327083,1205.2933346570874,No
2016-11-14,3642.0,3930.9444069207448,3341.71549075089,4530.060114081972,-288.94440692074477,1188.344623331082,No
2016-11-15,4480.0,4389.487060817971,3808.760336168133,4994.921344584435,90.51293918202919,1186.1610084163021,No
2016-11-16,4596.0,4232.29151259165,3601.492983214242,4863.116197124841,363.70848740835027,1261.6232139105991,No
2016-11-17,4532.0,4206.499695358644,3617.1952365762254,4797.925103295361,325.5003046413558,1180.7298667191353,No
2016-11-18,3927.0,3509.5585160350984,2891.6929613810844,4073.082981060062,417.44148396490164,1181.3900196789778,No
2016-11-19,1876.0,1936.3579957041973,1344.398832066128,2546.456097404832,-60.357995704197265,1202.0572653387037,No
2016-11-20,1077.0,2103.221199015887,1486.9544543776074,2707.558871094536,-1026.2211990158871,1220.6044167169284,No
2016-11-21,3321.0,4036.983372287542,3446.076782218712,4617.215678122706,-715.9833722875419,1171.1388959039937,No
2016-11-22,4248.0,4127.400866631865,3501.073991940198,4720.577632030604,120.59913336813497,1219.503640090406,No
2016-11-23,4423.0,3981.616060807201,3391.083300516425,4592.403191316658,441.38393919279906,1201.3198908002332,No
2016-11-24,4483.0,3950.254917044422,3380.126298356325,4555.7773813213535,532.7450829555778,1175.6510829650283,No
2016-11-25,3918.0,3604.579325572608,3020.7926345672813,4201.889379011742,313.420674427392,1181.0967444444605,No
2016-11-26,1896.0,1875.1660237768192,1281.5496020512403,2492.3862562641148,20.833976223180798,1210.8366542128745,No
2016-11-27,1470.0,2000.2839661559103,1378.7982116183657,2658.78135579384,-530.2839661559103,1279.983144175474,No
2016-11-28,4291.0,3844.873889003843,3199.8008561988545,4471.720879490457,446.12611099615697,1271.9200232916028,No
2016-11-29,4185.0,3978.696750248114,3395.9337094600924,4590.172539823914,206.30324975188614,1194.2388303638218,No
2016-11-30,4109.0,4019.092335217445,3407.0550536900814,4641.026057000183,89.907664782555,1233.9710033101014,No
2016-12-01,4075.0,4090.5317378324753,3476.9273762588605,4662.976550163897,-15.5317378324753,1186.0491739050362,No
2016-12-02,3748.0,3512.7757430569754,2950.636879847997,4165.757980158048,235.22425694302456,1215.1211003100507,No
2016-12-03,1717.0,1985.4886140910735,1399.2782845103277,2542.5183608594725,-268.4886140910735,1143.2400763491448,No
2016-12-04,1623.0,1936.2943694440803,1296.8372349004112,2505.5255136911437,-313.2943694440803,1208.6882787907325,No
2016-12-05,3945.0,3511.584826294672,2909.9623075176737,4134.797209889844,433.415173705328,1224.8349023721707,No
2016-12-06,4386.0,3917.2851569097343,3319.866925650233,4521.0500717514,468.71484309026573,1201.1831461011666,No
2016-12-07,4415.0,4055.835989958137,3465.6827912336103,4622.491123615132,359.1640100418631,1156.8083323815217,No
2016-12-08,4236.0,4049.2804423228704,3439.03567065021,4696.134054991224,186.71955767712961,1257.098384341014,No
2016-12-09,3879.0,3729.6317676323447,3134.079702527672,4325.572826512062,149.3682323676553,1191.4931239843904,No
2016-12-10,1570.0,2121.290433875092,1551.4685495041174,2701.286030510026,-551.2904338750918,1149.8174810059088,No
2016-12-11,1838.0,2018.2099389099071,1415.991546198806,2614.345179339908,-180.20993890990712,1198.3536331411021,No
2016-12-12,3982.0,3881.242127727315,3313.62535220618,4489.56651209295,100.75787227268484,1175.9411598867696,No
2016-12-13,4258.0,4244.308681306362,3651.7343220626417,4798.206687147413,13.691318693638095,1146.472365084771,No
2016-12-14,4162.0,4169.064337093332,3587.595182003562,4832.359402475207,-7.064337093332142,1244.7642204716453,No
2016-12-15,4198.0,3893.5578817598207,3234.8264244765937,4458.15908535089,304.4421182401793,1223.332660874296,No
2016-12-16,3687.0,3353.9637779697346,2765.5330086630875,3960.283401647947,333.03622203026544,1194.7503929848594,No
2016-12-17,1469.0,1509.6996999090802,916.464439153058,2061.362333117256,-40.69969990908021,1144.8978939641981,No
2016-12-18,1402.0,1471.761729067206,877.779981432752,2090.07124190661,-69.76172906720603,1212.2912604738578,No
2016-12-19,3442.0,2989.236327249945,2389.180084171705,3566.715289221795,452.76367275005487,1177.53520505009,No
2016-12-20,3626.0,2928.5229334657347,2326.4283938858825,3524.129716518009,697.4770665342653,1197.7013226321264,No
2016-12-21,3047.0,2972.718967262249,2414.9389009983342,3552.885030868863,74.28103273775105,1137.9461298705287,No
2016-12-22,2510.0,2672.145121884841,2068.821120839226,3290.332582634413,-162.14512188484105,1221.5114617951872,No
2016-12-23,1575.0,2126.5620022921107,1566.1305933613323,2706.0771138758228,-551.5620022921107,1139.9465205144904,No
2016-12-24,727.0,305.29482353547115,-310.78742470620085,920.8100620772844,421.70517646452885,1231.5974867834852,No
2016-12-25,3999.0,461.8700781003989,-153.01186191247805,1019.2384397726244,3537.129921899601,1172.2503016851024,Yes
2016-12-26,1138.0,1652.702963969509,1017.3382475086564,2262.2706004633947,-514.702963969509,1244.9323529547382,No
2016-12-27,1167.0,1223.988839217715,616.9859379025588,1860.228765085466,-56.98883921771494,1243.2428271829071,No
2016-12-28,1081.0,1746.6880811853807,1140.7203846130676,2359.000284276597,-665.6880811853807,1218.2798996635295,No
2016-12-29,1298.0,2062.487224822794,1500.493966748497,2652.838376664555,-764.4872248227939,1152.344409916058,No
2016-12-30,1017.0,1534.067103645411,994.8632982293068,2161.6932685701704,-517.067103645411,1166.8299703408636,No
2016-12-31,1042.0,376.6572962067552,-243.94328422205288,974.3494534498697,665.3427037932448,1218.2927376719226,No
2017-01-01,933.0,719.0290045276479,161.30830801733038,1247.3104592493412,213.97099547235212,1086.0021512320109,No
2017-01-02,1520.0,1482.3538507963142,894.8389393384059,2064.5447531707,37.64614920368581,1169.705813832294,No
2017-01-03,2904.0,2918.6189716346457,2352.857222308533,3513.991981527422,-14.618971634645732,1161.134759218889,No
